gene_family	n_occurrences	n_plasmid	n_chromosome	pct_plasmid	crude_odds_ratio	crude_ci_lo	crude_ci_hi	crude_fisher_p	species_adjusted_MH_or	species_adjusted_ci_lo	species_adjusted_ci_hi	n_species_strata	n_species_with_within_estimate	within_species_all_same_direction	within_species_detail	unique_plasmids_carrying	unique_genomes_carrying	unique_bioprojects_carrying	largest_mob_cluster_share_pct	lineage_dominated_flag	crude_bh_q	significant_after_bh	survives_species_adjustment
dfrA50	354	353	1	99.72	319.2317	44.8395	2272.7469	1.2379574463718464e-96	177.4612	25.1999	1249.7076	8	1	yes	Klebsiella pneumoniae:n=325,OR=160	351	352	167	98.02	yes	8.504229414206597e-96	yes	yes
qnrB6	131	130	1	99.24	116.8932	16.3411	836.1747	4.6175495977509404e-35				8	2	yes	Klebsiella pneumoniae:n=40,OR=39.5;Enterobacter hormaechei:n=70,OR=71.7	125	122	46	40.0	no	1.4305349734208797e-34	yes	not_estimable
qnrA1	127	126	1	99.21	113.2849	15.8329	810.5565	6.024935194262033e-34	316.5556	10.1195	9902.4299	8	2	yes	Klebsiella pneumoniae:n=41,OR=40.5;Enterobacter hormaechei:n=48,OR=49	124	123	64	40.48	no	1.7961127560252853e-33	yes	yes
qnrB91	53	53	0	100.0	96.0258	5.9287	1555.3176	2.1709305425458603e-15				3	1	yes	Klebsiella pneumoniae:n=47,OR=46.4	51	51	32	73.58	yes	4.454636697691506e-15	yes	not_estimable
blaCMY	101	100	1	99.01	89.8489	12.5322	644.1667	7.699318831112601e-27	259.0261	10.4308	6432.3535	7	1	yes	Klebsiella pneumoniae:n=80,OR=78.7	100	98	57	72.0	yes	1.9942497955996576e-26	yes	yes
tmexC1	86	85	1	98.84	76.3423	10.63	548.274	1.0887812602909844e-22	40.0971	5.5595	289.1947	3	1	yes	Klebsiella pneumoniae:n=78,OR=37.6	76	77	27	52.94	yes	2.7746361149350894e-22	yes	yes
tmexD1	81	80	1	98.77	71.8424	9.9962	516.3263	2.7057220435263213e-21	38.3122	5.3216	275.8218	2	1	yes	Klebsiella pneumoniae:n=77,OR=37.2	73	74	26	53.75	yes	6.576985890417827e-21	yes	yes
sul3	129	127	2	98.45	57.0918	14.1228	230.7962	9.186737458378563e-33	30.0117	7.4344	121.1525	8	1	yes	Klebsiella pneumoniae:n=107,OR=25.7	127	122	72	29.13	no	2.6390991244069324e-32	yes	yes
qnrB	56	55	1	98.21	49.3601	6.8302	356.7134	1.4952973275401174e-14	26.0988	3.624	187.955	5	1	yes	Klebsiella pneumoniae:n=46,OR=22	55	55	22	50.91	yes	2.953212221891732e-14	yes	yes
mcr-8.1	23	23	0	100.0	42.1473	2.5598	693.9486	4.373240299103034e-07				1	1	yes	Klebsiella pneumoniae:n=23,OR=22.9	23	23	16	73.91	yes	6.224972678002516e-07	yes	not_estimable
blaSFO	21	21	0	100.0	38.5583	2.3355	636.5814	1.6019861697177895e-06				5	0			21	21	19	42.86	no	2.1820156449604376e-06	yes	not_estimable
tet(39)	76	74	2	97.37	33.2211	8.1546	135.3401	2.10729091897254e-18				2	1	yes	Acinetobacter baumannii:n=22,OR=282	70	64	48	14.86	no	4.825390799966106e-18	yes	not_estimable
catA2	400	389	11	97.25	32.0013	17.5726	58.2771	1.6669709324716017e-91	23.5819	11.8317	47.0014	10	2	yes	Klebsiella pneumoniae:n=286,OR=27.7;Enterobacter hormaechei:n=69,OR=17	371	371	227	27.76	no	1.0535256293220523e-90	yes	yes
estX	135	131	4	97.04	29.4463	10.8875	79.6405	3.033886581133141e-31	15.9328	5.901	43.0187	7	1	yes	Klebsiella pneumoniae:n=120,OR=14.2	131	128	60	28.24	no	8.409720698579584e-31	yes	yes
qnrS1	833	804	29	96.52	25.3462	17.4944	36.7222	2.1306447024216883e-181	14.8035	10.1451	21.6011	9	4	yes	Klebsiella pneumoniae:n=629,OR=13.1;Klebsiella aerogenes:n=21,OR=11;Enterobacter hormaechei:n=72,OR=17.8;Klebsiella quasipneumoniae:n=27,OR=39.9	796	774	414	23.51	no	2.1040116436414174e-180	yes	yes
lnu(F)	28	27	1	96.43	24.214	3.2901	178.2076	8.162610719849056e-07	11.4976	1.5715	84.1205	7	0			27	28	23	51.85	yes	1.1413207909169477e-06	yes	yes
aadA16	277	267	10	96.39	24.0864	12.8093	45.2914	1.979438832253229e-60	19.586	9.3527	41.0157	10	1	yes	Klebsiella pneumoniae:n=198,OR=18.9	264	269	160	30.71	no	8.687537097111394e-60	yes	yes
dfrA27	295	284	11	96.27	23.3004	12.756	42.5611	1.0862203441812814e-63	22.291	10.8123	45.9559	11	1	yes	Klebsiella pneumoniae:n=200,OR=19.1	281	288	172	29.23	no	4.90350898230407e-63	yes	yes
fosA3	156	150	6	96.15	22.4878	9.9426	50.8618	5.102625841552586e-34	17.4133	6.6982	45.269	7	1	yes	Klebsiella pneumoniae:n=139,OR=16.5	147	153	99	54.0	yes	1.5504132364717473e-33	yes	yes
aadA22	26	25	1	96.15	22.4192	3.0376	165.4694	1.5454494330247593e-06				6	0			25	26	19	52.0	yes	2.1233131340688e-06	yes	not_estimable
mcr-1.1	26	25	1	96.15	22.4192	3.0376	165.4694	1.5454494330247593e-06	12.6184	1.7303	92.0186	4	1	yes	Klebsiella pneumoniae:n=23,OR=10.7	24	25	24	44.0	no	2.1233131340688e-06	yes	yes
qnrB2	50	48	2	96.0	21.5345	5.2335	88.6093	1.4480511849846734e-11	60.5915	5.0543	726.3782	8	0			46	46	29	20.83	no	2.542134302528649e-11	yes	yes
mrx(A)	920	882	38	95.87	21.2575	15.3583	29.4226	3.076465384547007e-192	13.3327	9.4659	18.779	10	2	yes	Klebsiella pneumoniae:n=732,OR=12.6;Enterobacter hormaechei:n=71,OR=72.7	875	863	369	21.54	no	3.739088698141747e-191	yes	yes
rmtB1	438	420	18	95.89	21.1275	13.1784	33.8713	6.020167845534323e-92	16.1279	9.4185	27.6168	5	1	yes	Klebsiella pneumoniae:n=417,OR=16.7	419	435	239	62.38	yes	3.963277164976763e-91	yes	yes
mph(A)	925	886	39	95.78	20.8079	15.0944	28.6842	2.379500217044797e-192	12.9915	9.2681	18.2108	10	2	yes	Klebsiella pneumoniae:n=738,OR=12.2;Enterobacter hormaechei:n=71,OR=72.7	881	867	372	21.67	no	3.133008619108983e-191	yes	yes
blaLAP	308	295	13	95.78	20.484	11.7517	35.7048	1.2576715378417856e-64	11.2217	6.4173	19.6229	7	2	yes	Klebsiella pneumoniae:n=254,OR=12;Enterobacter hormaechei:n=25,OR=5.76	293	306	199	56.61	yes	5.844473617029474e-64	yes	yes
erm(42)	71	68	3	95.77	20.3479	6.4019	64.6746	9.670184204420033e-16	60.4881	7.7119	474.4337	2	1	yes	Klebsiella pneumoniae:n=68,OR=67	68	71	28	60.29	yes	2.0103804003925858e-15	yes	yes
tet(D)	291	278	13	95.53	19.2951	11.0617	33.6566	4.204803338292083e-60	11.1191	6.2522	19.7746	9	2	yes	Klebsiella pneumoniae:n=168,OR=9.8;Enterobacter hormaechei:n=69,OR=17	276	284	169	21.22	no	1.7955646687841867e-59	yes	yes
qnrS	22	21	1	95.45	18.8302	2.5327	139.9995	1.7674343858507454e-05	10.5737	1.4886	75.1058	2	1	yes	Klebsiella pneumoniae:n=20,OR=9.27	21	21	19	28.57	no	2.2889724013476868e-05	yes	yes
mcr-10.1	43	41	2	95.35	18.3908	4.448	76.0394	1.035342045184659e-09				5	0			41	43	32	24.39	no	1.686433434424496e-09	yes	not_estimable
tet(M)	21	20	1	95.24	17.9331	2.4065	133.6336	3.244056425085195e-05				4	0			20	20	20	15.0	no	4.167161911898056e-05	yes	not_estimable
blaKPC	1130	1066	64	94.34	15.317	11.8971	19.7198	1.3419772072352415e-214	14.8758	10.9596	20.1913	10	3	yes	Klebsiella pneumoniae:n=909,OR=13.8;Pseudomonas aeruginosa:n=80,OR=16.6;Enterobacter hormaechei:n=32,OR=32.7	1013	998	418	31.24	no	2.1203239874316816e-213	yes	yes
bleO	54	51	3	94.44	15.2543	4.7605	48.8799	3.42427977578603e-11	8.4325	2.6471	26.8626	4	1	yes	Klebsiella pneumoniae:n=45,OR=6.83	51	50	43	17.65	no	5.945452797518602e-11	yes	yes
dfrA14	853	804	49	94.26	14.9923	11.232	20.0115	2.8553998515111804e-161	8.8536	6.5639	11.9421	11	2	yes	Klebsiella pneumoniae:n=682,OR=10.1;Enterobacter hormaechei:n=74,OR=3.65	777	792	362	17.29	no	2.5064065363264805e-160	yes	yes
qnrB4	306	288	18	94.12	14.4383	8.9663	23.2498	6.119256095628445e-58	7.8072	4.8521	12.562	9	2	yes	Klebsiella pneumoniae:n=225,OR=6.87;Enterobacter hormaechei:n=43,OR=21.2	275	283	160	22.92	no	2.4790832387417802e-57	yes	yes
cmlA1	184	173	11	94.02	14.1532	7.693	26.0383	3.4017330546488775e-35	50.532	15.5094	164.6407	9	1	yes	Klebsiella pneumoniae:n=137,OR=66.6	167	176	104	17.92	no	1.0749476452690452e-34	yes	yes
blaDHA	310	291	19	93.87	13.8215	8.6876	21.9892	7.415084581946499e-58	7.4621	4.6933	11.8643	9	2	yes	Klebsiella pneumoniae:n=229,OR=6.53;Enterobacter hormaechei:n=45,OR=22.2	280	290	166	23.02	no	2.928958409868867e-57	yes	yes
dfrA12	575	534	41	92.87	11.8201	8.6007	16.2447	6.365471282357313e-100	7.5147	5.3609	10.5338	10	2	yes	Klebsiella pneumoniae:n=506,OR=7.33;Enterobacter hormaechei:n=28,OR=13.5	529	547	270	26.4	no	4.571565739147525e-99	yes	yes
arr	957	888	69	92.79	11.7781	9.2153	15.0537	3.7681621256992073e-165	13.6716	9.9641	18.7587	11	7	yes	Acinetobacter baumannii:n=41,OR=15.2;Klebsiella pneumoniae:n=600,OR=13.1;Pseudomonas aeruginosa:n=49,OR=8.26;Klebsiella oxytoca:n=22,OR=7.61;Enterobacter hormaechei:n=93,OR=15.3;Klebsiella quasipneumoniae:n=21,OR=30.9;Klebsiella variicola:n=20,OR=64.7	839	844	441	10.59	no	3.502174210943969e-164	yes	yes
qnrB52	37	34	3	91.89	10.1651	3.1218	33.0998	4.229697197436515e-07	6.0503	1.7924	20.4225	2	1	yes	Klebsiella pneumoniae:n=34,OR=7.81	33	36	25	26.47	no	6.075383247226994e-07	yes	yes
qnrB1	356	326	30	91.57	9.8122	6.7491	14.2657	1.5704953822596323e-57	5.5566	3.7998	8.1259	9	2	yes	Klebsiella pneumoniae:n=292,OR=7.49;Enterobacter hormaechei:n=32,OR=1.27	323	341	140	33.74	no	6.05215293651273e-57	yes	yes
rmtF1	70	64	6	91.43	9.5737	4.1457	22.1089	3.0274875936033686e-12	5.2098	2.2557	12.0329	1	1	yes	Klebsiella pneumoniae:n=70,OR=5.21	63	64	49	65.62	yes	5.562128369643398e-12	yes	yes
dfrA19	100	91	9	91.0	9.0806	4.5773	18.0143	2.1669694993478118e-16	10.4447	4.1132	26.522	8	1	yes	Enterobacter hormaechei:n=49,OR=11.9	90	98	58	79.12	yes	4.626772714823707e-16	yes	yes
tet(A)	1205	1092	113	90.62	8.8803	7.3127	10.784	7.167571248427419e-182	7.0851	5.6397	8.9009	11	3	yes	Klebsiella pneumoniae:n=969,OR=8.35;Enterobacter hormaechei:n=73,OR=3.18;Klebsiella quasipneumoniae:n=23,OR=33.9	1054	1087	498	15.38	no	7.549841715010214e-181	yes	yes
fosZ	32	29	3	90.62	8.6692	2.6405	28.4616	7.524856640434916e-06	48.5695	14.4061	163.7502	1	1	yes	Pseudomonas aeruginosa:n=23,OR=48.6	28	29	27	68.97	yes	9.907727909905972e-06	yes	yes
dfrA17	87	78	9	89.66	7.7808	3.9021	15.5149	1.7765008164804513e-13	8.2579	3.3228	20.5229	7	1	yes	Klebsiella pneumoniae:n=64,OR=30.8	78	87	54	26.92	no	3.381772638601341e-13	yes	yes
aph(4)	153	136	17	88.89	7.1913	4.3425	11.9088	1.0343318928286012e-21	3.7406	2.2601	6.1908	7	1	yes	Klebsiella pneumoniae:n=128,OR=3.19	122	135	63	30.88	no	2.5535068604206094e-21	yes	yes
rmtC	27	24	3	88.89	7.1736	2.1599	23.8251	0.00012717117808320086	4.7583	1.218	18.5898	5	0			24	25	23	62.5	yes	0.00015821296170980895	yes	yes
tmexC2	27	24	3	88.89	7.1736	2.1599	23.8251	0.00012717117808320086	10.0797	1.5119	67.1985	6	0			24	24	20	41.67	no	0.00015821296170980895	yes	yes
aac(6')-Ib-cr5	990	874	116	88.28	6.8837	5.6686	8.3594	1.5112630407623834e-128	3.9131	3.2125	4.7665	10	2	yes	Klebsiella pneumoniae:n=797,OR=3.67;Enterobacter hormaechei:n=73,OR=2.56	843	855	341	12.01	no	1.137045525906936e-127	yes	yes
dfrA16	40	35	5	87.5	6.2783	2.4594	16.0268	4.237694152002585e-06	9.097	1.8598	44.4976	6	0			34	39	32	62.86	yes	5.674200644206851e-06	yes	yes
erm(B)	78	68	10	87.18	6.1032	3.1419	11.8554	1.4805124351640004e-10	4.8373	2.2382	10.4545	4	1	yes	Klebsiella pneumoniae:n=70,OR=5.21	68	77	51	33.82	no	2.5152791909237855e-10	yes	yes
cmlA5	180	156	24	86.67	5.8447	3.802	8.9848	6.12019356908335e-22	21.1664	10.855	41.273	8	2	yes	Acinetobacter baumannii:n=30,OR=12.5;Klebsiella pneumoniae:n=111,OR=109	150	165	106	41.03	no	1.5349056887542371e-21	yes	yes
ble	718	620	98	86.35	5.745	4.6403	7.1127	2.1829649087659075e-82	12.3385	8.7324	17.4336	11	5	yes	Acinetobacter baumannii:n=67,OR=4.23;Klebsiella pneumoniae:n=355,OR=11.2;Pseudomonas aeruginosa:n=33,OR=9.86;Enterobacter hormaechei:n=62,OR=63.4;Klebsiella quasipneumoniae:n=26,OR=38.4	611	685	370	23.55	no	1.1893395020172874e-81	yes	yes
catA1	373	322	51	86.33	5.6971	4.2385	7.6576	2.1792014134219986e-43	5.5989	3.8393	8.165	9	3	no	Acinetobacter baumannii:n=25,OR=0.12;Klebsiella pneumoniae:n=291,OR=9.74;Enterobacter hormaechei:n=25,OR=3.67	318	361	179	36.65	no	7.825314166378994e-43	yes	yes
blaNDM	746	641	105	85.92	5.5455	4.5093	6.8199	2.7669485669060074e-83	10.9491	7.8777	15.218	11	5	yes	Acinetobacter baumannii:n=70,OR=4.18;Klebsiella pneumoniae:n=396,OR=11.7;Pseudomonas aeruginosa:n=28,OR=1.19;Enterobacter hormaechei:n=63,OR=64.4;Klebsiella quasipneumoniae:n=25,OR=36.9	630	710	343	22.93	no	1.5613495484683896e-82	yes	yes
dfrA15	39	33	6	84.62	4.9325	2.0665	11.7734	3.8332583257409646e-05	7.7727	2.0716	29.1634	4	0			33	39	24	60.61	yes	4.884313027960262e-05	yes	yes
blaTEM	2542	2135	407	83.99	4.9145	4.4157	5.4696	5.845529979443057e-250	7.2149	6.1946	8.4033	11	10	no	Acinetobacter baumannii:n=305,OR=0.12;Klebsiella pneumoniae:n=1800,OR=14.5;Pseudomonas aeruginosa:n=20,OR=8.82;Klebsiella aerogenes:n=20,OR=10.4;Klebsiella michiganensis:n=24,OR=3.67;Klebsiella oxytoca:n=21,OR=15.7;Enterobacter cloacae:n=30,OR=9.8;Enterobacter hormaechei:n=165,OR=4.8;Klebsiella quasipneumoniae:n=41,OR=29.4;Klebsiella ornithinolytica:n=23,OR=13.7	1993	2077	839	13.16	no	1.1544921709400036e-248	yes	yes
qnrB19	45	38	7	84.44	4.869	2.174	10.9044	1.487327053456456e-05				6	0			34	35	17	26.32	no	1.942129540877025e-05	yes	not_estimable
ere(A)	133	112	21	84.21	4.7907	3.0053	7.6368	3.393410387001254e-14	7.6296	3.7696	15.4421	6	2	yes	Klebsiella pneumoniae:n=49,OR=7.49;Enterobacter hormaechei:n=49,OR=24.2	111	131	81	62.5	yes	6.619244952422199e-14	yes	yes
catB3	847	709	138	83.71	4.6709	3.89	5.6085	3.891538134496229e-81	3.1565	2.5991	3.8334	11	3	yes	Klebsiella pneumoniae:n=631,OR=2.75;Pseudomonas aeruginosa:n=36,OR=9.09;Enterobacter hormaechei:n=67,OR=2.3	667	714	302	14.95	no	2.0495434175013473e-80	yes	yes
dfrA5	97	79	18	81.44	3.9393	2.3606	6.574	4.716794741256422e-09	7.96	3.5485	17.8555	6	1	yes	Klebsiella pneumoniae:n=68,OR=32.7	74	90	33	58.23	yes	7.452535691185148e-09	yes	yes
floR	553	446	107	80.65	3.7671	3.0491	4.6543	6.918269006955677e-43	5.0109	3.659	6.8623	10	4	no	Acinetobacter baumannii:n=47,OR=3.21;Klebsiella pneumoniae:n=287,OR=8.92;Pseudomonas aeruginosa:n=22,OR=0.339;Enterobacter hormaechei:n=24,OR=0.83	426	490	281	16.59	no	2.429081117997771e-42	yes	yes
sul2	1841	1466	375	79.63	3.6009	3.2118	4.0371	3.4775934957687936e-130	6.6344	5.601	7.8584	11	4	yes	Acinetobacter baumannii:n=387,OR=2.69;Klebsiella pneumoniae:n=1090,OR=11.7;Enterobacter hormaechei:n=76,OR=4.3;Klebsiella quasipneumoniae:n=31,OR=45.9	1418	1672	717	10.71	no	2.891893538586681e-129	yes	yes
toprJ2	25	20	5	80.0	3.5862	1.3458	9.5563	0.007930946875461514	6.5879	1.3479	32.1998	7	0			20	23	20	45.0	no	0.009146639462211089	yes	yes
blaCTX	89	71	18	79.78	3.5397	2.1098	5.9386	1.7212951526692452e-07	1.9294	1.1499	3.2374	4	1	yes	Klebsiella pneumoniae:n=81,OR=1.98	66	77	60	39.44	no	2.5181910566827847e-07	yes	yes
aadA5	132	105	27	79.55	3.492	2.2871	5.3316	2.1380908126599956e-10	4.5466	2.4039	8.5993	8	1	yes	Klebsiella pneumoniae:n=69,OR=16.4	105	125	83	13.33	no	3.555982614739782e-10	yes	yes
blaCTX-M	1929	1523	406	78.95	3.4574	3.0959	3.8611	2.69937525771656e-129	1.9831	1.7704	2.2212	11	4	yes	Klebsiella pneumoniae:n=1708,OR=1.89;Klebsiella michiganensis:n=22,OR=2.47;Enterobacter hormaechei:n=69,OR=1.81;Klebsiella quasipneumoniae:n=23,OR=33.9	1451	1525	647	20.88	no	2.1325064535960821e-128	yes	yes
aac(6')-Ib3	185	146	39	78.92	3.3639	2.362	4.7907	2.2942473475970003e-13	7.3255	4.2887	12.5127	10	3	no	Klebsiella pneumoniae:n=70,OR=10.9;Pseudomonas aeruginosa:n=24,OR=0.649;Enterobacter hormaechei:n=34,OR=8.03	137	172	121	34.25	no	4.3153700109562625e-13	yes	yes
aac(3)	1494	1160	334	77.64	3.177	2.8105	3.5913	6.675214704272704e-90	3.5323	3.0234	4.1269	11	7	no	Acinetobacter baumannii:n=194,OR=2.19;Klebsiella pneumoniae:n=897,OR=3.88;Pseudomonas aeruginosa:n=48,OR=1.89;Klebsiella aerogenes:n=26,OR=0.673;Klebsiella michiganensis:n=21,OR=4.4;Enterobacter hormaechei:n=113,OR=4.73;Klebsiella quasipneumoniae:n=26,OR=38.4	1106	1316	580	8.71	no	3.906236752870694e-89	yes	yes
catB	103	80	23	77.67	3.1216	1.9629	4.9645	2.6818962750925886e-07	4.1085	2.2311	7.5657	3	1	yes	Klebsiella pneumoniae:n=75,OR=5.62	75	93	66	56.25	yes	3.8875193712351283e-07	yes	yes
qnrVC6	34	26	8	76.47	2.914	1.3191	6.4372	0.005598710420350305	28.906	8.1427	102.6134	1	0			20	27	27	57.69	yes	0.006601464525487673	yes	yes
catB2	21	16	5	76.19	2.8687	1.0508	7.8315	0.046585210952443265	3.0222	0.8311	10.9904	9	0			16	19	16	37.5	no	0.050761816072317494	no	no
toprJ1	171	129	42	75.44	2.7585	1.9468	3.9086	1.201616511013403e-09	15.5793	7.8724	30.8309	5	2	yes	Klebsiella pneumoniae:n=83,OR=40.1;Pseudomonas aeruginosa:n=44,OR=7.98	121	147	82	37.21	no	1.937300089184874e-09	yes	yes
blaIMP	278	208	70	74.82	2.6719	2.0372	3.5044	5.098016090457772e-14	7.7179	5.0316	11.8384	11	3	yes	Klebsiella pneumoniae:n=43,OR=20.5;Pseudomonas aeruginosa:n=80,OR=3.71;Enterobacter hormaechei:n=82,OR=13.4	203	257	136	32.69	no	9.823006613321073e-14	yes	yes
blaAFM	27	20	7	74.07	2.5614	1.083	6.0583	0.032657449903918064	30.8643	10.3642	91.9134	1	1	yes	Pseudomonas aeruginosa:n=21,OR=30.9	20	27	20	95.0	yes	0.03633716256914827	yes	yes
aac(6')	1187	851	336	71.69	2.2981	2.0238	2.6096	3.601217565304419e-41	5.7172	4.6873	6.9732	10	5	yes	Acinetobacter baumannii:n=56,OR=5.84;Klebsiella pneumoniae:n=525,OR=9.14;Pseudomonas aeruginosa:n=285,OR=2.19;Enterobacter hormaechei:n=130,OR=9.03;Klebsiella quasipneumoniae:n=20,OR=29.4	750	906	401	16.1	no	1.21062207514489e-40	yes	yes
aph(6)	2185	1557	628	71.26	2.2725	2.0691	2.496	9.477845708058948e-72	4.7854	4.148	5.5208	11	7	yes	Acinetobacter baumannii:n=463,OR=1.37;Klebsiella pneumoniae:n=1086,OR=12;Pseudomonas aeruginosa:n=123,OR=1.75;Klebsiella oxytoca:n=24,OR=8.37;Enterobacter hormaechei:n=148,OR=2.77;Klebsiella quasipneumoniae:n=28,OR=19.5;Klebsiella ornithinolytica:n=26,OR=15.6	1436	1841	767	8.41	no	4.679686318354105e-71	yes	yes
aph(3'')	2147	1529	618	71.22	2.2668	2.0622	2.4916	3.560886905194795e-70	4.7605	4.1241	5.4951	11	7	yes	Acinetobacter baumannii:n=460,OR=1.42;Klebsiella pneumoniae:n=1067,OR=11.5;Pseudomonas aeruginosa:n=118,OR=1.75;Klebsiella oxytoca:n=25,OR=8.75;Enterobacter hormaechei:n=151,OR=2.84;Klebsiella quasipneumoniae:n=27,OR=18.8;Klebsiella ornithinolytica:n=26,OR=15.6	1387	1816	754	8.57	no	1.7049094879417505e-69	yes	yes
tet(C)	42	29	13	69.05	2.0	1.0396	3.8478	0.043372687404687596	4.5565	1.8471	11.2403	6	0			29	42	36	44.83	no	0.04792226999958489	yes	yes
tet(X3)	77	52	25	67.53	1.8653	1.1574	3.0061	0.01151395798610057				1	0			45	51	34	42.31	no	0.012994324012884927	yes	not_estimable
tmexD2	49	33	16	67.35	1.8492	1.0176	3.3602	0.044964650978404935	10.1279	3.939	26.0407	7	1	yes	Pseudomonas aeruginosa:n=22,OR=12.7	33	45	38	48.48	no	0.049336214267972085	yes	yes
sul1	4520	2977	1543	65.86	1.789	1.6794	1.9059	8.597520483638018e-76	2.36	2.1753	2.5603	11	11	yes	Acinetobacter baumannii:n=478,OR=1.04;Klebsiella pneumoniae:n=2147,OR=1.86;Pseudomonas aeruginosa:n=678,OR=1.9;Klebsiella aerogenes:n=30,OR=7.65;Klebsiella michiganensis:n=51,OR=4.13;Klebsiella oxytoca:n=58,OR=7.03;Enterobacter cloacae:n=50,OR=36.1;Enterobacter hormaechei:n=507,OR=13.2;Klebsiella quasipneumoniae:n=85,OR=134;Klebsiella variicola:n=41,OR=138;Klebsiella ornithinolytica:n=36,OR=21.9	2099	2659	1080	13.81	no	4.38196205295099e-75	yes	yes
dfrA1	295	196	99	66.44	1.7782	1.3959	2.2653	1.9690454218233554e-06	1.2987	0.992	1.7003	11	3	no	Acinetobacter baumannii:n=31,OR=1.48;Klebsiella pneumoniae:n=184,OR=1.34;Enterobacter hormaechei:n=27,OR=0.461	193	274	176	20.92	no	2.6590527918640185e-06	yes	no
aadA2	1331	829	502	62.28	1.4904	1.3327	1.6667	1.7035429969703314e-12	0.9382	0.8335	1.0562	11	4	no	Acinetobacter baumannii:n=43,OR=1.87;Klebsiella pneumoniae:n=1028,OR=0.729;Pseudomonas aeruginosa:n=41,OR=0.0855;Enterobacter hormaechei:n=100,OR=50.7	792	1134	532	17.85	no	3.1665858061330864e-12	yes	no
blaVIM	215	134	81	62.33	1.4843	1.126	1.9565	0.004970767749847385	5.0092	3.156	7.9507	10	3	yes	Klebsiella pneumoniae:n=33,OR=7.56;Pseudomonas aeruginosa:n=73,OR=2.02;Enterobacter hormaechei:n=44,OR=21.7	131	198	95	14.93	no	0.005905122590044262	yes	yes
aac(6')-Ib4	281	168	113	59.79	1.3339	1.0504	1.6938	0.019435285904984306	4.6621	3.2984	6.5896	11	3	yes	Klebsiella pneumoniae:n=29,OR=13.7;Pseudomonas aeruginosa:n=129,OR=2.1;Enterobacter hormaechei:n=33,OR=16.1	165	266	133	16.07	no	0.021778547326152628	yes	yes
ant(2'')	396	236	160	59.6	1.3239	1.0826	1.619	0.00638355044290087	3.8071	2.8715	5.0474	10	4	yes	Acinetobacter baumannii:n=93,OR=3.62;Klebsiella pneumoniae:n=69,OR=2.57;Pseudomonas aeruginosa:n=98,OR=2.22;Enterobacter hormaechei:n=46,OR=46.9	226	363	191	19.49	no	0.007416183602781893	yes	yes
aadA1	1180	700	480	59.32	1.3126	1.1676	1.4756	5.082280712439902e-06	2.7249	2.2883	3.2447	11	6	no	Acinetobacter baumannii:n=309,OR=0.0582;Klebsiella pneumoniae:n=476,OR=21;Pseudomonas aeruginosa:n=139,OR=1.28;Klebsiella oxytoca:n=22,OR=3.6;Enterobacter hormaechei:n=93,OR=2.25;Klebsiella quasipneumoniae:n=20,OR=13.6	640	981	393	11.57	no	6.747902122399198e-06	yes	yes
blaVEB	32	19	13	59.38	1.31	0.6469	2.6529	0.48366340467714886	5.5363	1.9208	15.9572	5	0			18	29	22	63.16	yes	0.5094587862599301	no	yes
tmexC	71	42	29	59.15	1.2983	0.8087	2.0844	0.28731345476210457	17.6907	8.7057	35.9489	3	1	yes	Pseudomonas aeruginosa:n=39,OR=16.5	42	64	58	69.05	yes	0.3067265260298143	no	yes
tet(X5)	38	22	16	57.89	1.2324	0.6472	2.347	0.6265639347810179	2.0566	0.556	7.6067	1	0			20	35	21	59.09	yes	0.6556099450026545	no	no
mph(E)	836	479	357	57.3	1.205	1.0499	1.383	0.008092163290284313	2.7178	2.2319	3.3094	11	4	yes	Acinetobacter baumannii:n=380,OR=1.24;Klebsiella pneumoniae:n=235,OR=5;Pseudomonas aeruginosa:n=37,OR=15.2;Enterobacter hormaechei:n=21,OR=4.75	463	792	406	24.84	no	0.009264940578731316	yes	yes
dfrB1	28	16	12	57.14	1.195	0.5653	2.5264	0.707413848386375	4.0912	0.9841	17.0094	6	0			15	26	19	37.5	no	0.7305319480068447	no	no
msr(E)	841	480	361	57.07	1.194	1.0408	1.3698	0.011234629796851792	2.7282	2.2377	3.3262	11	4	yes	Acinetobacter baumannii:n=386,OR=1.21;Klebsiella pneumoniae:n=234,OR=5.89;Pseudomonas aeruginosa:n=35,OR=12.3;Enterobacter hormaechei:n=20,OR=4.5	463	795	407	24.79	no	0.012770298618004196	yes	yes
tmexD	43	24	19	55.81	1.1322	0.6201	2.0671	0.7608126450051859	9.0735	2.334	35.2733	4	0			24	40	32	20.83	no	0.780574012407918	no	yes
qnrVC1	56	31	25	55.36	1.1114	0.6561	1.8827	0.7891957682973825	7.9836	4.402	14.4794	1	1	yes	Pseudomonas aeruginosa:n=44,OR=7.98	31	54	46	83.87	yes	0.7993136627627335	no	yes
blaPER	76	41	35	53.95	1.0499	0.6686	1.6487	0.9086200208203028	5.6598	3.4427	9.3047	3	2	yes	Acinetobacter baumannii:n=36,OR=6.97;Pseudomonas aeruginosa:n=29,OR=5.87	39	70	62	39.02	no	0.914407409487948	no	yes
tet(Y)	27	14	13	51.85	0.9652	0.4536	2.0536	1.0	0.8803	0.1082	7.1607	1	0			13	26	15	21.43	no	1.0	no	no
tmexD3	50	25	25	50.0	0.8962	0.5147	1.5604	0.777331923722013	5.2135	2.5466	10.6731	1	1	yes	Pseudomonas aeruginosa:n=31,OR=5.21	25	39	34	52.0	yes	0.7923770577295358	no	yes
tet(X4)	43	21	22	48.84	0.8554	0.4703	1.5557	0.6485819289113613	5.5646	1.3306	23.2723	6	0			20	24	19	38.1	no	0.6741838471578624	no	yes
armA	600	268	332	44.67	0.7216	0.6139	0.8481	7.867075445281557e-05	1.8887	1.5155	2.3538	8	3	no	Acinetobacter baumannii:n=327,OR=0.392;Klebsiella pneumoniae:n=214,OR=4.51;Pseudomonas aeruginosa:n=24,OR=51	262	583	287	41.42	no	9.943983362835888e-05	yes	yes
toprJ	25	11	14	44.0	0.7041	0.3196	1.5511	0.4267141881625704	4.6455	1.6891	12.7764	2	0			11	23	21	63.64	yes	0.4524888706690343	no	yes
floR2	191	81	110	42.41	0.6592	0.4946	0.8787	0.0045754973158791505	2.505	1.5931	3.9387	5	2	no	Klebsiella pneumoniae:n=67,OR=66;Pseudomonas aeruginosa:n=94,OR=0.572	80	176	103	61.73	yes	0.005476731635673529	yes	yes
aph(3')	2902	1189	1713	40.97	0.6103	0.5659	0.6581	2.2986518690257198e-38	1.5398	1.3808	1.717	11	6	no	Acinetobacter baumannii:n=731,OR=1.15;Klebsiella pneumoniae:n=814,OR=8.35;Pseudomonas aeruginosa:n=958,OR=0.142;Klebsiella michiganensis:n=39,OR=0.196;Klebsiella oxytoca:n=27,OR=1.56;Enterobacter hormaechei:n=77,OR=1.53	1096	2276	972	14.38	no	7.411979496042117e-38	yes	yes
tet(G)	202	80	122	39.6	0.5868	0.4425	0.7783	0.00022576157374057384	2.0383	1.3064	3.1804	5	2	no	Klebsiella pneumoniae:n=68,OR=32.7;Pseudomonas aeruginosa:n=101,OR=0.369	79	185	103	62.5	yes	0.00027867444258602086	yes	yes
cmlA	23	9	14	39.13	0.576	0.2493	1.331	0.2143198104100934	1.6571	0.553	4.9654	5	0			9	23	17	33.33	no	0.23035734724350176	no	no
blaOXA	4818	1862	2956	38.65	0.5428	0.5113	0.5763	1.8285293133643767e-91	1.7363	1.5919	1.8938	11	7	no	Acinetobacter baumannii:n=1750,OR=0.885;Klebsiella pneumoniae:n=1304,OR=4.89;Pseudomonas aeruginosa:n=1118,OR=0.381;Klebsiella oxytoca:n=30,OR=10.7;Enterobacter cloacae:n=21,OR=6.52;Enterobacter hormaechei:n=131,OR=3.95;Klebsiella quasipneumoniae:n=24,OR=16.5	1714	3115	1200	13.59	no	1.111183198121429e-90	yes	yes
cmlA6	22	8	14	36.36	0.512	0.2148	1.2207	0.13861391689548813	1.4294	0.3127	6.5334	1	0			8	22	15	75.0	yes	0.1500068415718296	no	no
tet(B)	528	172	356	32.58	0.4305	0.3587	0.5167	8.444580480053593e-21	1.3576	1.0684	1.7251	8	3	no	Acinetobacter baumannii:n=385,OR=0.83;Klebsiella pneumoniae:n=50,OR=3.58;Enterobacter hormaechei:n=63,OR=7.46	171	522	180	36.63	no	1.991408531117116e-20	yes	yes
blaGES	141	45	96	31.91	0.4194	0.2943	0.5978	7.105164353545515e-07	1.9881	1.2707	3.1103	8	1	yes	Pseudomonas aeruginosa:n=103,OR=0.517	39	94	37	24.44	no	1.0023356855894567e-06	yes	yes
tmexC3	35	10	25	28.57	0.3583	0.1721	0.7462	0.005917340203511931	0.9418	0.2434	3.6442	2	1	yes	Pseudomonas aeruginosa:n=20,OR=0.793	10	25	20	60.0	yes	0.0069254796455917415	yes	no
sat2	113	31	82	27.43	0.3383	0.2237	0.5115	6.937183775266032e-08	0.2072	0.126	0.3408	5	2	yes	Acinetobacter baumannii:n=29,OR=0.456;Klebsiella pneumoniae:n=63,OR=0.226	31	97	68	51.61	yes	1.0641505208660514e-07	yes	yes
blaCARB	99	26	73	26.26	0.3188	0.2037	0.4988	1.449580974437543e-07	1.1254	0.6051	2.0928	4	2	no	Acinetobacter baumannii:n=28,OR=2.93;Pseudomonas aeruginosa:n=45,OR=0.331	25	97	67	23.08	no	2.172907570496587e-07	yes	no
aac(6')-Ib'	236	56	180	23.73	0.2778	0.2057	0.3751	1.0948167178369165e-19	0.73	0.4731	1.1265	7	3	no	Acinetobacter baumannii:n=152,OR=0.0401;Klebsiella pneumoniae:n=22,OR=22;Pseudomonas aeruginosa:n=29,OR=1.14	52	223	98	26.79	no	2.543838844385777e-19	yes	no
aadA11	25	5	20	20.0	0.224	0.084	0.5968	0.001054789307538358	1.1121	0.3289	3.7599	2	1	yes	Pseudomonas aeruginosa:n=20,OR=1.26	5	24	18	60.0	yes	0.001281974696854312	yes	no
aacA16	25	5	20	20.0	0.224	0.084	0.5968	0.001054789307538358	0.6583	0.1593	2.7208	4	0			5	25	15	40.0	no	0.001281974696854312	yes	no
blaSHV	3577	744	2833	20.8	0.2206	0.2032	0.2394	0.0	0.109	0.1003	0.1185	10	2	no	Klebsiella pneumoniae:n=3375,OR=0.0793;Enterobacter hormaechei:n=114,OR=3.96	678	2909	1008	27.15	no	0.0	yes	yes
blaIMI	22	4	18	18.18	0.1991	0.0674	0.5883	0.0011102726253731485				1	0			4	22	12	50.0	yes	0.0013391074412897517	yes	not_estimable
fosA5	33	3	30	9.09	0.0896	0.0273	0.2935	1.7008073410612475e-07	0.0527	0.0164	0.1694	3	1	yes	Klebsiella pneumoniae:n=30,OR=0.00797	3	33	24	100.0	yes	2.5114725223147394e-07	yes	yes
catB8	165	7	158	4.24	0.0395	0.0185	0.0843	3.4976204581706225e-42	0.0904	0.0298	0.2742	8	1	yes	Acinetobacter baumannii:n=154,OR=0.0196	7	164	65	42.86	no	1.2013565921542575e-41	yes	yes
ant(3'')	841	30	811	3.57	0.0324	0.0225	0.0467	6.198746983657015e-220	0.0311	0.0125	0.0774	2	1	yes	Acinetobacter baumannii:n=772,OR=0.0218	30	835	294	40.0	no	1.0882244704642314e-218	yes	yes
cmx	29	1	28	3.45	0.032	0.0044	0.2351	2.0773866600488803e-08	0.2193	0.0312	1.5426	2	1	yes	Pseudomonas aeruginosa:n=28,OR=0.264	1	21	14	100.0	yes	3.217912669487481e-08	yes	no
dfrB5	35	1	34	2.86	0.0263	0.0036	0.1924	1.612852611777156e-10	0.2224	0.0304	1.6297	1	1	yes	Pseudomonas aeruginosa:n=33,OR=0.222	1	19	16	100.0	yes	2.7109650283062834e-10	yes	no
blaPLA	21	0	21	0.0	0.0208	0.0013	0.3439	1.457773433371128e-07				1	0			0	21	16		no	2.172907570496587e-07	yes	not_estimable
oqxB6	21	0	21	0.0	0.0208	0.0013	0.3439	1.457773433371128e-07				1	1	yes	Klebsiella pneumoniae:n=21,OR=0.0113	0	21	19		no	2.172907570496587e-07	yes	not_estimable
fosA2	24	0	24	0.0	0.0183	0.0011	0.3006	1.5375864471225364e-08				1	0			0	24	15		no	2.405333253914463e-08	yes	not_estimable
oqxB15	26	0	26	0.0	0.0169	0.001	0.2773	3.4322053415951533e-09				2	1	yes	Klebsiella variicola:n=24,OR=0.0296	0	26	15		no	5.4776610502225685e-09	yes	not_estimable
blaOXY-6	28	0	28	0.0	0.0157	0.001	0.2574	7.660919252761207e-10				2	0			0	28	15		no	1.2608596270169486e-09	yes	not_estimable
blaCMH	31	0	31	0.0	0.0142	0.0009	0.2323	8.077805243482369e-11				1	1	yes	Enterobacter cloacae:n=31,OR=0.00948	0	31	26		no	1.3872752483371895e-10	yes	not_estimable
oqxB14	34	0	34	0.0	0.013	0.0008	0.2117	8.516225198019604e-12				1	1	yes	Klebsiella pneumoniae:n=34,OR=0.00705	0	34	15		no	1.511869192457413e-11	yes	not_estimable
oqxA3	35	0	35	0.0	0.0126	0.0008	0.2056	4.023018257440304e-12				1	1	yes	Klebsiella pneumoniae:n=35,OR=0.00685	0	35	19		no	7.2231464167678185e-12	yes	not_estimable
oqxB9	35	0	35	0.0	0.0126	0.0008	0.2056	4.023018257440304e-12				2	1	yes	Klebsiella variicola:n=32,OR=0.022	0	35	14		no	7.2231464167678185e-12	yes	not_estimable
blaORN	44	0	44	0.0	0.0101	0.0006	0.1633	4.709795470740417e-15				1	1	yes	Klebsiella ornithinolytica:n=41,OR=0.00232	0	44	34		no	9.419590941480834e-15	yes	not_estimable
blaOXY-2	45	0	45	0.0	0.0098	0.0006	0.1597	2.2245472288689272e-15				1	1	yes	Klebsiella oxytoca:n=45,OR=0.00295	0	45	23		no	4.506134130272955e-15	yes	not_estimable
aadA6	48	0	48	0.0	0.0092	0.0006	0.1496	2.3438035029937854e-16				1	1	yes	Pseudomonas aeruginosa:n=48,OR=0.0731	0	39	31		no	4.937612712973574e-16	yes	not_estimable
blaMIR	51	0	51	0.0	0.0087	0.0005	0.1408	2.4691188290618878e-17				1	0			0	51	36		no	5.344120205366826e-17	yes	not_estimable
oqxB20	51	0	51	0.0	0.0087	0.0005	0.1408	2.4691188290618878e-17				1	1	yes	Klebsiella pneumoniae:n=51,OR=0.00471	0	51	26		no	5.344120205366826e-17	yes	not_estimable
blaOXY-1	53	0	53	0.0	0.0084	0.0005	0.1355	5.50710295726669e-18				2	1	yes	Klebsiella michiganensis:n=47,OR=0.0063	0	53	43		no	1.2255243200677985e-17	yes	not_estimable
blaOKP-A	54	0	54	0.0	0.0082	0.0005	0.1329	2.600782295973089e-18				1	1	yes	Klebsiella quasipneumoniae:n=54,OR=0.00582	0	54	36		no	5.870337182339258e-18	yes	not_estimable
ampC-Kaer	62	0	62	0.0	0.0072	0.0004	0.1157	6.431544045310655e-21				1	1	yes	Klebsiella aerogenes:n=61,OR=0.00735	0	62	33		no	1.5396726653925507e-20	yes	not_estimable
blaADC	947	6	941	0.63	0.0056	0.0025	0.0124	1.4810966503796627e-296	0.0279	0.0104	0.0747	1	1	yes	Acinetobacter baumannii:n=801,OR=0.0279	4	922	322	50.0	yes	4.680265415199734e-295	yes	yes
oqxA11	87	0	87	0.0	0.0051	0.0003	0.0823	4.564616225073884e-29				1	1	yes	Klebsiella pneumoniae:n=87,OR=0.00277	0	87	53		no	1.2020156059361229e-28	yes	not_estimable
oqxB32	90	0	90	0.0	0.0049	0.0003	0.0796	4.8002106813273e-30				1	1	yes	Klebsiella pneumoniae:n=90,OR=0.00267	0	90	53		no	1.2854801485588363e-29	yes	not_estimable
blaOKP-B	90	0	90	0.0	0.0049	0.0003	0.0796	4.8002106813273e-30				2	1	yes	Klebsiella quasipneumoniae:n=87,OR=0.0034	0	90	56		no	1.2854801485588363e-29	yes	not_estimable
fosA10	97	0	97	0.0	0.0046	0.0003	0.0738	2.504352036901958e-32				1	1	yes	Klebsiella pneumoniae:n=97,OR=0.00248	0	97	42		no	7.065850389830525e-32	yes	not_estimable
oqxB5	100	0	100	0.0	0.0044	0.0003	0.0716	2.6324195780536305e-33				1	1	yes	Klebsiella pneumoniae:n=100,OR=0.00241	0	100	48		no	7.702264691342104e-33	yes	not_estimable
fosA7	117	0	117	0.0	0.0038	0.0002	0.0611	7.504367283193773e-39				4	1	yes	Klebsiella pneumoniae:n=102,OR=0.00236	0	117	49		no	2.4701875640512834e-38	yes	not_estimable
oqxA10	158	0	158	0.0	0.0028	0.0002	0.0452	3.1202522580846464e-52				1	1	yes	Klebsiella pneumoniae:n=158,OR=0.00152	0	158	79		no	1.1465112948311026e-51	yes	not_estimable
oqxB	2505	8	2497	0.32	0.0027	0.0013	0.0053	0.0	0.0012	0.0005	0.0027	9	9	yes	Klebsiella pneumoniae:n=1305,OR=0.00169;Klebsiella aerogenes:n=75,OR=0.0057;Klebsiella michiganensis:n=64,OR=0.00432;Klebsiella oxytoca:n=55,OR=0.00225;Enterobacter cloacae:n=63,OR=0.00417;Enterobacter hormaechei:n=359,OR=0.00111;Klebsiella quasipneumoniae:n=139,OR=0.0019;Klebsiella variicola:n=99,OR=0.00641;Klebsiella ornithinolytica:n=42,OR=0.00224	8	2498	882	50.0	yes	0.0	yes	yes
oqxB25	165	0	165	0.0	0.0027	0.0002	0.0433	1.6162397565974288e-54				1	1	yes	Klebsiella pneumoniae:n=165,OR=0.00145	0	165	80		no	6.08014003672366e-54	yes	not_estimable
blaLEN	178	0	178	0.0	0.0025	0.0002	0.0401	9.179329828908492e-59				2	1	yes	Klebsiella variicola:n=160,OR=0.00353	0	177	66		no	3.816668718335636e-58	yes	not_estimable
fosA	4614	7	4607	0.15	0.0012	0.0006	0.0025	0.0	0.0009	0.0004	0.002	8	8	yes	Klebsiella pneumoniae:n=2667,OR=0.000583;Pseudomonas aeruginosa:n=881,OR=0.00713;Klebsiella aerogenes:n=77,OR=0.00551;Enterobacter cloacae:n=59,OR=0.00932;Enterobacter hormaechei:n=341,OR=0.000587;Klebsiella quasipneumoniae:n=142,OR=0.00185;Klebsiella variicola:n=161,OR=0.0035;Klebsiella ornithinolytica:n=42,OR=0.00224	7	4611	1670	14.29	no	0.0	yes	yes
oqxA	3282	5	3277	0.15	0.0012	0.0005	0.003	0.0	0.0004	0.0001	0.0013	8	8	yes	Klebsiella pneumoniae:n=2092,OR=0.000392;Klebsiella aerogenes:n=75,OR=0.0057;Klebsiella michiganensis:n=64,OR=0.00432;Klebsiella oxytoca:n=55,OR=0.00225;Enterobacter cloacae:n=63,OR=0.00417;Enterobacter hormaechei:n=359,OR=0.00111;Klebsiella quasipneumoniae:n=139,OR=0.0019;Klebsiella variicola:n=159,OR=0.00356	5	3277	1064	40.0	no	0.0	yes	yes
blaPDC	892	1	891	0.11	0.001	0.0001	0.007	1.1601334282458434e-290	0.0071	0.001	0.0505	1	1	yes	Pseudomonas aeruginosa:n=884,OR=0.0071	1	891	430	100.0	yes	3.0550180277140543e-289	yes	yes
oqxB19	581	0	581	0.0	0.0008	0.0	0.0121	6.206037233754612e-191				1	1	yes	Klebsiella pneumoniae:n=578,OR=0.000403	0	581	260		no	7.003956306665918e-190	yes	not_estimable
blaACT	602	0	602	0.0	0.0007	0.0	0.0117	7.515668341488152e-198				3	2	yes	Enterobacter cloacae:n=33,OR=0.00885;Enterobacter hormaechei:n=378,OR=0.000516	0	602	229		no	1.0795232708682982e-196	yes	not_estimable
catB7	871	0	871	0.0	0.0005	0.0	0.008	1.0298512261616091e-286				1	1	yes	Pseudomonas aeruginosa:n=868,OR=0.00361	0	870	421		no	2.324521339050489e-285	yes	not_estimable
